[
    {
        "key": "group_65477d20844c8",
        "title": "FTC Quiz",
        "fields": [
            {
                "key": "field_65477d2426cad",
                "label": "Question 1",
                "name": "question_1",
                "aria-label": "",
                "type": "text",
                "instructions": "",
                "required": 0,
                "conditional_logic": 0,
                "wrapper": {
                    "width": "",
                    "class": "",
                    "id": ""
                },
                "default_value": "",
                "maxlength": "",
                "placeholder": "",
                "prepend": "",
                "append": ""
            },
            {
                "key": "field_65477dcb26cae",
                "label": "Options 1",
                "name": "options_1",
                "aria-label": "",
                "type": "textarea",
                "instructions": "Each option on new line",
                "required": 0,
                "conditional_logic": 0,
                "wrapper": {
                    "width": "",
                    "class": "",
                    "id": ""
                },
                "default_value": "",
                "maxlength": "",
                "rows": "",
                "placeholder": "",
                "new_lines": ""
            },
            {
                "key": "field_65477e3726caf",
                "label": "Correct Answer 1",
                "name": "correct_answer_1",
                "aria-label": "",
                "type": "text",
                "instructions": "",
                "required": 0,
                "conditional_logic": 0,
                "wrapper": {
                    "width": "",
                    "class": "",
                    "id": ""
                },
                "default_value": "",
                "maxlength": "",
                "placeholder": "",
                "prepend": "",
                "append": ""
            },
            {
                "key": "field_65477e5226cb0",
                "label": "Question 2",
                "name": "question_2",
                "aria-label": "",
                "type": "text",
                "instructions": "",
                "required": 0,
                "conditional_logic": 0,
                "wrapper": {
                    "width": "",
                    "class": "",
                    "id": ""
                },
                "default_value": "",
                "maxlength": "",
                "placeholder": "",
                "prepend": "",
                "append": ""
            },
            {
                "key": "field_65477e5a26cb1",
                "label": "Options 2",
                "name": "options_2",
                "aria-label": "",
                "type": "textarea",
                "instructions": "Each option on new line",
                "required": 0,
                "conditional_logic": 0,
                "wrapper": {
                    "width": "",
                    "class": "",
                    "id": ""
                },
                "default_value": "",
                "maxlength": "",
                "rows": "",
                "placeholder": "",
                "new_lines": ""
            },
            {
                "key": "field_65477e6326cb2",
                "label": "Correct Answer 2",
                "name": "correct_answer_2",
                "aria-label": "",
                "type": "text",
                "instructions": "",
                "required": 0,
                "conditional_logic": 0,
                "wrapper": {
                    "width": "",
                    "class": "",
                    "id": ""
                },
                "default_value": "",
                "maxlength": "",
                "placeholder": "",
                "prepend": "",
                "append": ""
            },
            {
                "key": "field_654787da79563",
                "label": "Question 3",
                "name": "question_3",
                "aria-label": "",
                "type": "text",
                "instructions": "",
                "required": 0,
                "conditional_logic": 0,
                "wrapper": {
                    "width": "",
                    "class": "",
                    "id": ""
                },
                "default_value": "",
                "maxlength": "",
                "placeholder": "",
                "prepend": "",
                "append": ""
            },
            {
                "key": "field_654787fd79564",
                "label": "Options 3",
                "name": "options_3",
                "aria-label": "",
                "type": "textarea",
                "instructions": "Each option on new line",
                "required": 0,
                "conditional_logic": 0,
                "wrapper": {
                    "width": "",
                    "class": "",
                    "id": ""
                },
                "default_value": "",
                "maxlength": "",
                "rows": "",
                "placeholder": "",
                "new_lines": ""
            },
            {
                "key": "field_6547881179565",
                "label": "Correct Answer 3",
                "name": "correct_answer_3",
                "aria-label": "",
                "type": "text",
                "instructions": "",
                "required": 0,
                "conditional_logic": 0,
                "wrapper": {
                    "width": "",
                    "class": "",
                    "id": ""
                },
                "default_value": "",
                "maxlength": "",
                "placeholder": "",
                "prepend": "",
                "append": ""
            }
        ],
        "location": [
            [
                {
                    "param": "post_type",
                    "operator": "==",
                    "value": "ftc-video"
                }
            ]
        ],
        "menu_order": 0,
        "position": "normal",
        "style": "default",
        "label_placement": "top",
        "instruction_placement": "label",
        "hide_on_screen": "",
        "active": true,
        "description": "",
        "show_in_rest": 0
    },
    {
        "key": "group_654719b57a2b6",
        "title": "FTC Videos",
        "fields": [
            {
                "key": "field_654719b60e888",
                "label": "Title",
                "name": "title",
                "aria-label": "",
                "type": "text",
                "instructions": "",
                "required": 0,
                "conditional_logic": 0,
                "wrapper": {
                    "width": "",
                    "class": "",
                    "id": ""
                },
                "default_value": "",
                "maxlength": "",
                "placeholder": "",
                "prepend": "",
                "append": ""
            },
            {
                "key": "field_654719c50e889",
                "label": "URL",
                "name": "url",
                "aria-label": "",
                "type": "url",
                "instructions": "",
                "required": 0,
                "conditional_logic": 0,
                "wrapper": {
                    "width": "",
                    "class": "",
                    "id": ""
                },
                "default_value": "",
                "placeholder": ""
            }
        ],
        "location": [
            [
                {
                    "param": "post_type",
                    "operator": "==",
                    "value": "ftc-video"
                }
            ]
        ],
        "menu_order": 0,
        "position": "normal",
        "style": "default",
        "label_placement": "top",
        "instruction_placement": "label",
        "hide_on_screen": "",
        "active": true,
        "description": "",
        "show_in_rest": 0
    },
    {
        "key": "group_6547501a5aca6",
        "title": "Org Answers",
        "fields": [
            {
                "key": "field_6547501ba7f67",
                "label": "Question",
                "name": "question",
                "aria-label": "",
                "type": "text",
                "instructions": "",
                "required": 0,
                "conditional_logic": 0,
                "wrapper": {
                    "width": "",
                    "class": "",
                    "id": ""
                },
                "default_value": "",
                "maxlength": "",
                "placeholder": "",
                "prepend": "",
                "append": ""
            },
            {
                "key": "field_65475039a7f68",
                "label": "Answer",
                "name": "answer",
                "aria-label": "",
                "type": "text",
                "instructions": "",
                "required": 0,
                "conditional_logic": 0,
                "wrapper": {
                    "width": "",
                    "class": "",
                    "id": ""
                },
                "default_value": "",
                "maxlength": "",
                "placeholder": "",
                "prepend": "",
                "append": ""
            },
            {
                "key": "field_65475044a7f69",
                "label": "DateTime of Answer",
                "name": "datetime_of_answer",
                "aria-label": "",
                "type": "date_time_picker",
                "instructions": "",
                "required": 0,
                "conditional_logic": 0,
                "wrapper": {
                    "width": "",
                    "class": "",
                    "id": ""
                },
                "display_format": "d\/m\/Y g:i a",
                "return_format": "d\/m\/Y g:i a",
                "first_day": 1
            },
            {
                "key": "field_6547517c59d3d",
                "label": "Organization FK",
                "name": "organization_fk",
                "aria-label": "",
                "type": "relationship",
                "instructions": "",
                "required": 0,
                "conditional_logic": 0,
                "wrapper": {
                    "width": "",
                    "class": "",
                    "id": ""
                },
                "post_type": [
                    "organization"
                ],
                "post_status": "",
                "taxonomy": "",
                "filters": [
                    "search",
                    "post_type",
                    "taxonomy"
                ],
                "return_format": "object",
                "min": "",
                "max": "",
                "elements": "",
                "bidirectional": 0,
                "bidirectional_target": []
            }
        ],
        "location": [
            [
                {
                    "param": "post_type",
                    "operator": "==",
                    "value": "org-answer"
                }
            ]
        ],
        "menu_order": 0,
        "position": "normal",
        "style": "default",
        "label_placement": "top",
        "instruction_placement": "label",
        "hide_on_screen": "",
        "active": true,
        "description": "",
        "show_in_rest": 0
    },
    {
        "key": "group_6546f342c1517",
        "title": "Org Roles",
        "fields": [
            {
                "key": "field_6546f3443226b",
                "label": "Organization FK",
                "name": "organization_fk",
                "aria-label": "",
                "type": "relationship",
                "instructions": "",
                "required": 0,
                "conditional_logic": 0,
                "wrapper": {
                    "width": "",
                    "class": "",
                    "id": ""
                },
                "post_type": [
                    "organization"
                ],
                "post_status": "",
                "taxonomy": "",
                "filters": [
                    "search",
                    "post_type",
                    "taxonomy"
                ],
                "return_format": "object",
                "min": "",
                "max": "",
                "elements": "",
                "bidirectional": 0,
                "bidirectional_target": []
            },
            {
                "key": "field_6546f7ed473ac",
                "label": "Role FK",
                "name": "role_fk",
                "aria-label": "",
                "type": "relationship",
                "instructions": "",
                "required": 0,
                "conditional_logic": 0,
                "wrapper": {
                    "width": "",
                    "class": "",
                    "id": ""
                },
                "post_type": [
                    "role"
                ],
                "post_status": "",
                "taxonomy": "",
                "filters": [
                    "search",
                    "post_type",
                    "taxonomy"
                ],
                "return_format": "object",
                "min": "",
                "max": "",
                "elements": "",
                "bidirectional": 0,
                "bidirectional_target": []
            },
            {
                "key": "field_6546f958e6368",
                "label": "First Name",
                "name": "name_first",
                "aria-label": "",
                "type": "text",
                "instructions": "",
                "required": 0,
                "conditional_logic": 0,
                "wrapper": {
                    "width": "",
                    "class": "",
                    "id": ""
                },
                "default_value": "",
                "maxlength": "",
                "placeholder": "",
                "prepend": "",
                "append": ""
            },
            {
                "key": "field_6546f9a7e6369",
                "label": "Last Name",
                "name": "name_last",
                "aria-label": "",
                "type": "text",
                "instructions": "",
                "required": 0,
                "conditional_logic": 0,
                "wrapper": {
                    "width": "",
                    "class": "",
                    "id": ""
                },
                "default_value": "",
                "maxlength": "",
                "placeholder": "",
                "prepend": "",
                "append": ""
            }
        ],
        "location": [
            [
                {
                    "param": "post_type",
                    "operator": "==",
                    "value": "org-role"
                }
            ]
        ],
        "menu_order": 0,
        "position": "normal",
        "style": "default",
        "label_placement": "top",
        "instruction_placement": "label",
        "hide_on_screen": "",
        "active": true,
        "description": "",
        "show_in_rest": 0
    },
    {
        "key": "group_65471522a321b",
        "title": "Org Staff",
        "fields": [
            {
                "key": "field_654715234033f",
                "label": "First Name",
                "name": "name_first",
                "aria-label": "",
                "type": "text",
                "instructions": "",
                "required": 0,
                "conditional_logic": 0,
                "wrapper": {
                    "width": "",
                    "class": "",
                    "id": ""
                },
                "default_value": "",
                "maxlength": "",
                "placeholder": "",
                "prepend": "",
                "append": ""
            },
            {
                "key": "field_6547155cef847",
                "label": "Last Name",
                "name": "name_last",
                "aria-label": "",
                "type": "text",
                "instructions": "",
                "required": 0,
                "conditional_logic": 0,
                "wrapper": {
                    "width": "",
                    "class": "",
                    "id": ""
                },
                "default_value": "",
                "maxlength": "",
                "placeholder": "",
                "prepend": "",
                "append": ""
            },
            {
                "key": "field_6547156b1a8d6",
                "label": "Email",
                "name": "email",
                "aria-label": "",
                "type": "email",
                "instructions": "",
                "required": 0,
                "conditional_logic": 0,
                "wrapper": {
                    "width": "",
                    "class": "",
                    "id": ""
                },
                "default_value": "",
                "placeholder": "",
                "prepend": "",
                "append": ""
            },
            {
                "key": "field_65471a0d02d49",
                "label": "Organization FK",
                "name": "organization_fk",
                "aria-label": "",
                "type": "relationship",
                "instructions": "",
                "required": 0,
                "conditional_logic": 0,
                "wrapper": {
                    "width": "",
                    "class": "",
                    "id": ""
                },
                "post_type": [
                    "organization"
                ],
                "post_status": "",
                "taxonomy": "",
                "filters": [
                    "search",
                    "post_type",
                    "taxonomy"
                ],
                "return_format": "object",
                "min": "",
                "max": "",
                "elements": "",
                "bidirectional": 0,
                "bidirectional_target": []
            }
        ],
        "location": [
            [
                {
                    "param": "post_type",
                    "operator": "==",
                    "value": "org-staff"
                }
            ]
        ],
        "menu_order": 0,
        "position": "normal",
        "style": "default",
        "label_placement": "top",
        "instruction_placement": "label",
        "hide_on_screen": "",
        "active": true,
        "description": "",
        "show_in_rest": 0
    },
    {
        "key": "group_654720e8c718f",
        "title": "Org Trainings",
        "fields": [
            {
                "key": "field_654720e9924d5",
                "label": "Org Staff FK",
                "name": "org_staff_fk",
                "aria-label": "",
                "type": "relationship",
                "instructions": "",
                "required": 0,
                "conditional_logic": 0,
                "wrapper": {
                    "width": "",
                    "class": "",
                    "id": ""
                },
                "post_type": [
                    "org-staff"
                ],
                "post_status": "",
                "taxonomy": "",
                "filters": [
                    "search",
                    "post_type",
                    "taxonomy"
                ],
                "return_format": "id",
                "min": "",
                "max": "",
                "elements": "",
                "bidirectional": 0,
                "bidirectional_target": []
            },
            {
                "key": "field_65472112b8b61",
                "label": "FTC Video FK",
                "name": "ftc_video_fk",
                "aria-label": "",
                "type": "relationship",
                "instructions": "",
                "required": 0,
                "conditional_logic": 0,
                "wrapper": {
                    "width": "",
                    "class": "",
                    "id": ""
                },
                "post_type": [
                    "ftc-video"
                ],
                "post_status": "",
                "taxonomy": "",
                "filters": [
                    "search",
                    "post_type",
                    "taxonomy"
                ],
                "return_format": "id",
                "min": "",
                "max": "",
                "elements": "",
                "bidirectional": 0,
                "bidirectional_target": []
            },
            {
                "key": "field_654722a5a1ecd",
                "label": "DateTime Sent",
                "name": "datetime_sent",
                "aria-label": "",
                "type": "date_time_picker",
                "instructions": "",
                "required": 0,
                "conditional_logic": 0,
                "wrapper": {
                    "width": "",
                    "class": "",
                    "id": ""
                },
                "display_format": "Y-m-d H:i:s",
                "return_format": "Y-m-d H:i:s",
                "first_day": 1
            },
            {
                "key": "field_65476e05181d2",
                "label": "Quiz Results",
                "name": "quiz_results",
                "aria-label": "",
                "type": "select",
                "instructions": "",
                "required": 0,
                "conditional_logic": 0,
                "wrapper": {
                    "width": "",
                    "class": "",
                    "id": ""
                },
                "choices": {
                    "pass": "Passed",
                    "fail": "Failed",
                    "na": "No Attempt"
                },
                "default_value": false,
                "return_format": "array",
                "multiple": 0,
                "allow_null": 0,
                "ui": 0,
                "ajax": 0,
                "placeholder": ""
            }
        ],
        "location": [
            [
                {
                    "param": "post_type",
                    "operator": "==",
                    "value": "org-training"
                }
            ]
        ],
        "menu_order": 0,
        "position": "normal",
        "style": "default",
        "label_placement": "top",
        "instruction_placement": "label",
        "hide_on_screen": "",
        "active": true,
        "description": "",
        "show_in_rest": 0
    },
    {
        "key": "group_6546e27f24ed4",
        "title": "Organization",
        "fields": [
            {
                "key": "field_6546e27fb788c",
                "label": "Name",
                "name": "name",
                "aria-label": "",
                "type": "text",
                "instructions": "",
                "required": 0,
                "conditional_logic": 0,
                "wrapper": {
                    "width": "",
                    "class": "",
                    "id": ""
                },
                "default_value": "",
                "maxlength": "",
                "placeholder": "",
                "prepend": "",
                "append": ""
            },
            {
                "key": "field_6547529b5d924",
                "label": "Phone Number Voice",
                "name": "phone_number_voice",
                "aria-label": "",
                "type": "text",
                "instructions": "",
                "required": 0,
                "conditional_logic": 0,
                "wrapper": {
                    "width": "",
                    "class": "",
                    "id": ""
                },
                "default_value": "",
                "maxlength": "",
                "placeholder": "",
                "prepend": "",
                "append": ""
            },
            {
                "key": "field_654752be5d925",
                "label": "Phone Number Voice Ext",
                "name": "phone_number_voice_ext",
                "aria-label": "",
                "type": "text",
                "instructions": "",
                "required": 0,
                "conditional_logic": 0,
                "wrapper": {
                    "width": "",
                    "class": "",
                    "id": ""
                },
                "default_value": "",
                "maxlength": "",
                "placeholder": "",
                "prepend": "",
                "append": ""
            },
            {
                "key": "field_654752c95d926",
                "label": "Phone Number Fax",
                "name": "phone_number_fax",
                "aria-label": "",
                "type": "text",
                "instructions": "",
                "required": 0,
                "conditional_logic": 0,
                "wrapper": {
                    "width": "",
                    "class": "",
                    "id": ""
                },
                "default_value": "",
                "maxlength": "",
                "placeholder": "",
                "prepend": "",
                "append": ""
            },
            {
                "key": "field_654752d15d927",
                "label": "Phone Number Mobile",
                "name": "phone_number_mobile",
                "aria-label": "",
                "type": "text",
                "instructions": "",
                "required": 0,
                "conditional_logic": 0,
                "wrapper": {
                    "width": "",
                    "class": "",
                    "id": ""
                },
                "default_value": "",
                "maxlength": "",
                "placeholder": "",
                "prepend": "",
                "append": ""
            },
            {
                "key": "field_654752db5d928",
                "label": "Address Street",
                "name": "address_street",
                "aria-label": "",
                "type": "text",
                "instructions": "",
                "required": 0,
                "conditional_logic": 0,
                "wrapper": {
                    "width": "",
                    "class": "",
                    "id": ""
                },
                "default_value": "",
                "maxlength": "",
                "placeholder": "",
                "prepend": "",
                "append": ""
            },
            {
                "key": "field_654752e55d929",
                "label": "Address City",
                "name": "address_city",
                "aria-label": "",
                "type": "text",
                "instructions": "",
                "required": 0,
                "conditional_logic": 0,
                "wrapper": {
                    "width": "",
                    "class": "",
                    "id": ""
                },
                "default_value": "",
                "maxlength": "",
                "placeholder": "",
                "prepend": "",
                "append": ""
            },
            {
                "key": "field_654752ec5d92a",
                "label": "Address State",
                "name": "address_state",
                "aria-label": "",
                "type": "text",
                "instructions": "",
                "required": 0,
                "conditional_logic": 0,
                "wrapper": {
                    "width": "",
                    "class": "",
                    "id": ""
                },
                "default_value": "",
                "maxlength": "",
                "placeholder": "",
                "prepend": "",
                "append": ""
            },
            {
                "key": "field_654752f35d92b",
                "label": "Address Zipcode",
                "name": "address_zipcode",
                "aria-label": "",
                "type": "text",
                "instructions": "",
                "required": 0,
                "conditional_logic": 0,
                "wrapper": {
                    "width": "",
                    "class": "",
                    "id": ""
                },
                "default_value": "",
                "maxlength": "",
                "placeholder": "",
                "prepend": "",
                "append": ""
            },
            {
                "key": "field_654752fd5d92c",
                "label": "Email",
                "name": "email",
                "aria-label": "",
                "type": "email",
                "instructions": "",
                "required": 0,
                "conditional_logic": 0,
                "wrapper": {
                    "width": "",
                    "class": "",
                    "id": ""
                },
                "default_value": "",
                "placeholder": "",
                "prepend": "",
                "append": ""
            }
        ],
        "location": [
            [
                {
                    "param": "post_type",
                    "operator": "==",
                    "value": "organization"
                }
            ]
        ],
        "menu_order": 0,
        "position": "normal",
        "style": "default",
        "label_placement": "top",
        "instruction_placement": "label",
        "hide_on_screen": "",
        "active": true,
        "description": "",
        "show_in_rest": 0
    },
    {
        "key": "group_6546e0e5b37c0",
        "title": "PDF Data Maps",
        "fields": [
            {
                "key": "field_6546e0e6f0384",
                "label": "PDF Field FK",
                "name": "pdf_field_fk",
                "aria-label": "",
                "type": "relationship",
                "instructions": "",
                "required": 0,
                "conditional_logic": 0,
                "wrapper": {
                    "width": "",
                    "class": "",
                    "id": ""
                },
                "post_type": "",
                "post_status": "",
                "taxonomy": "",
                "filters": [
                    "search",
                    "post_type",
                    "taxonomy"
                ],
                "return_format": "object",
                "min": "",
                "max": "",
                "elements": "",
                "bidirectional": 0,
                "bidirectional_target": []
            }
        ],
        "location": [
            [
                {
                    "param": "post_type",
                    "operator": "==",
                    "value": "pdf-data-map"
                }
            ]
        ],
        "menu_order": 0,
        "position": "normal",
        "style": "default",
        "label_placement": "top",
        "instruction_placement": "label",
        "hide_on_screen": "",
        "active": true,
        "description": "",
        "show_in_rest": 0
    },
    {
        "key": "group_6546dfdbb814c",
        "title": "PDF Fields",
        "fields": [
            {
                "key": "field_6546dfdcad5d8",
                "label": "PDF File FK",
                "name": "pdf_file_fk",
                "aria-label": "",
                "type": "relationship",
                "instructions": "",
                "required": 0,
                "conditional_logic": 0,
                "wrapper": {
                    "width": "",
                    "class": "",
                    "id": ""
                },
                "post_type": [
                    "pdf-file"
                ],
                "post_status": "",
                "taxonomy": "",
                "filters": [
                    "search",
                    "post_type",
                    "taxonomy"
                ],
                "return_format": "object",
                "min": "",
                "max": "",
                "elements": "",
                "bidirectional": 0,
                "bidirectional_target": []
            },
            {
                "key": "field_6546e03497709",
                "label": "Field Name",
                "name": "field_name",
                "aria-label": "",
                "type": "text",
                "instructions": "",
                "required": 0,
                "conditional_logic": 0,
                "wrapper": {
                    "width": "",
                    "class": "",
                    "id": ""
                },
                "default_value": "",
                "maxlength": "",
                "placeholder": "",
                "prepend": "",
                "append": ""
            },
            {
                "key": "field_6546e0529770a",
                "label": "Field Value",
                "name": "field_value",
                "aria-label": "",
                "type": "text",
                "instructions": "",
                "required": 0,
                "conditional_logic": 0,
                "wrapper": {
                    "width": "",
                    "class": "",
                    "id": ""
                },
                "default_value": "",
                "maxlength": "",
                "placeholder": "",
                "prepend": "",
                "append": ""
            }
        ],
        "location": [
            [
                {
                    "param": "post_type",
                    "operator": "==",
                    "value": "pdf-field"
                }
            ]
        ],
        "menu_order": 0,
        "position": "normal",
        "style": "default",
        "label_placement": "top",
        "instruction_placement": "label",
        "hide_on_screen": "",
        "active": true,
        "description": "",
        "show_in_rest": 0
    },
    {
        "key": "group_6546daf3ac980",
        "title": "PDF Files",
        "fields": [
            {
                "key": "field_6546daf4bbd94",
                "label": "File Name",
                "name": "file_name",
                "aria-label": "",
                "type": "text",
                "instructions": "",
                "required": 0,
                "conditional_logic": 0,
                "wrapper": {
                    "width": "",
                    "class": "",
                    "id": ""
                },
                "default_value": "",
                "maxlength": "",
                "placeholder": "",
                "prepend": "",
                "append": ""
            },
            {
                "key": "field_6546db756c4ce",
                "label": "Display Name",
                "name": "display_name",
                "aria-label": "",
                "type": "text",
                "instructions": "",
                "required": 0,
                "conditional_logic": 0,
                "wrapper": {
                    "width": "",
                    "class": "",
                    "id": ""
                },
                "default_value": "",
                "maxlength": "",
                "placeholder": "",
                "prepend": "",
                "append": ""
            },
            {
                "key": "field_6546db7f6c4cf",
                "label": "Version DateTime",
                "name": "version_datetime",
                "aria-label": "",
                "type": "date_time_picker",
                "instructions": "",
                "required": 0,
                "conditional_logic": 0,
                "wrapper": {
                    "width": "",
                    "class": "",
                    "id": ""
                },
                "display_format": "Y-m-d H:i:s",
                "return_format": "Y-m-d H:i:s",
                "first_day": 1
            },
            {
                "key": "field_6546dbf3422c8",
                "label": "File Data",
                "name": "file_data",
                "aria-label": "",
                "type": "file",
                "instructions": "",
                "required": 0,
                "conditional_logic": 0,
                "wrapper": {
                    "width": "",
                    "class": "",
                    "id": ""
                },
                "return_format": "url",
                "library": "uploadedTo",
                "min_size": "",
                "max_size": "",
                "mime_types": ""
            }
        ],
        "location": [
            [
                {
                    "param": "post_type",
                    "operator": "==",
                    "value": "pdf-file"
                }
            ]
        ],
        "menu_order": 0,
        "position": "normal",
        "style": "default",
        "label_placement": "top",
        "instruction_placement": "label",
        "hide_on_screen": "",
        "active": true,
        "description": "",
        "show_in_rest": 0
    },
    {
        "key": "group_6546e3a4b1cdb",
        "title": "Questions",
        "fields": [
            {
                "key": "field_6546e3a5a8c41",
                "label": "Question",
                "name": "question",
                "aria-label": "",
                "type": "text",
                "instructions": "",
                "required": 0,
                "conditional_logic": 0,
                "wrapper": {
                    "width": "",
                    "class": "",
                    "id": ""
                },
                "default_value": "",
                "maxlength": "",
                "placeholder": "",
                "prepend": "",
                "append": ""
            }
        ],
        "location": [
            [
                {
                    "param": "post_type",
                    "operator": "==",
                    "value": "question"
                }
            ]
        ],
        "menu_order": 0,
        "position": "normal",
        "style": "default",
        "label_placement": "top",
        "instruction_placement": "label",
        "hide_on_screen": "",
        "active": true,
        "description": "",
        "show_in_rest": 0
    },
    {
        "key": "group_6546e748d3c93",
        "title": "Roles",
        "fields": [
            {
                "key": "field_6546e74910812",
                "label": "Role Name",
                "name": "role_name",
                "aria-label": "",
                "type": "text",
                "instructions": "",
                "required": 0,
                "conditional_logic": 0,
                "wrapper": {
                    "width": "",
                    "class": "",
                    "id": ""
                },
                "default_value": "",
                "maxlength": "",
                "placeholder": "",
                "prepend": "",
                "append": ""
            },
            {
                "key": "field_6546e787e70c6",
                "label": "Role Short Name",
                "name": "role_short_name",
                "aria-label": "",
                "type": "text",
                "instructions": "",
                "required": 0,
                "conditional_logic": 0,
                "wrapper": {
                    "width": "",
                    "class": "",
                    "id": ""
                },
                "default_value": "",
                "maxlength": "",
                "placeholder": "",
                "prepend": "",
                "append": ""
            }
        ],
        "location": [
            [
                {
                    "param": "post_type",
                    "operator": "==",
                    "value": "role"
                }
            ]
        ],
        "menu_order": 0,
        "position": "normal",
        "style": "default",
        "label_placement": "top",
        "instruction_placement": "label",
        "hide_on_screen": "",
        "active": true,
        "description": "",
        "show_in_rest": 0
    },
    {
        "key": "post_type_6547196175734",
        "title": "FTC Videos",
        "menu_order": 0,
        "active": true,
        "post_type": "ftc-video",
        "advanced_configuration": true,
        "import_source": "",
        "import_date": "",
        "labels": {
            "name": "FTC Videos",
            "singular_name": "FTC Video",
            "menu_name": "FTC Videos",
            "all_items": "All FTC Videos",
            "edit_item": "Edit FTC Video",
            "view_item": "View FTC Video",
            "view_items": "View FTC Videos",
            "add_new_item": "Add New FTC Video",
            "add_new": "",
            "new_item": "New FTC Video",
            "parent_item_colon": "Parent FTC Video:",
            "search_items": "Search FTC Videos",
            "not_found": "No ftc videos found",
            "not_found_in_trash": "No ftc videos found in Trash",
            "archives": "FTC Video Archives",
            "attributes": "FTC Video Attributes",
            "featured_image": "",
            "set_featured_image": "",
            "remove_featured_image": "",
            "use_featured_image": "",
            "insert_into_item": "Insert into ftc video",
            "uploaded_to_this_item": "Uploaded to this ftc video",
            "filter_items_list": "Filter ftc videos list",
            "filter_by_date": "Filter ftc videos by date",
            "items_list_navigation": "FTC Videos list navigation",
            "items_list": "FTC Videos list",
            "item_published": "FTC Video published.",
            "item_published_privately": "FTC Video published privately.",
            "item_reverted_to_draft": "FTC Video reverted to draft.",
            "item_scheduled": "FTC Video scheduled.",
            "item_updated": "FTC Video updated.",
            "item_link": "FTC Video Link",
            "item_link_description": "A link to a ftc video."
        },
        "description": "",
        "public": true,
        "hierarchical": false,
        "exclude_from_search": false,
        "publicly_queryable": true,
        "show_ui": true,
        "show_in_menu": true,
        "admin_menu_parent": "",
        "show_in_admin_bar": true,
        "show_in_nav_menus": true,
        "show_in_rest": true,
        "rest_base": "",
        "rest_namespace": "wp\/v2",
        "rest_controller_class": "WP_REST_Posts_Controller",
        "menu_position": 0,
        "menu_icon": "dashicons-editor-video",
        "rename_capabilities": false,
        "singular_capability_name": "post",
        "plural_capability_name": "posts",
        "supports": [
            "title",
            "custom-fields"
        ],
        "taxonomies": "",
        "has_archive": false,
        "has_archive_slug": "",
        "rewrite": {
            "permalink_rewrite": "post_type_key",
            "with_front": "1",
            "feeds": "0",
            "pages": "1"
        },
        "query_var": "post_type_key",
        "query_var_name": "",
        "can_export": true,
        "delete_with_user": false,
        "register_meta_box_cb": "",
        "enter_title_here": ""
    },
    {
        "key": "post_type_65474bc5b7359",
        "title": "Org Answers",
        "menu_order": 0,
        "active": true,
        "post_type": "org-answer",
        "advanced_configuration": true,
        "import_source": "",
        "import_date": "",
        "labels": {
            "name": "Org Answers",
            "singular_name": "Org Answer",
            "menu_name": "Org Answers",
            "all_items": "All Org Answers",
            "edit_item": "Edit Org Answer",
            "view_item": "View Org Answer",
            "view_items": "View Org Answers",
            "add_new_item": "Add New Org Answer",
            "add_new": "",
            "new_item": "New Org Answer",
            "parent_item_colon": "Parent Org Answer:",
            "search_items": "Search Org Answers",
            "not_found": "No org answers found",
            "not_found_in_trash": "No org answers found in Trash",
            "archives": "Org Answer Archives",
            "attributes": "Org Answer Attributes",
            "featured_image": "",
            "set_featured_image": "",
            "remove_featured_image": "",
            "use_featured_image": "",
            "insert_into_item": "Insert into org answer",
            "uploaded_to_this_item": "Uploaded to this org answer",
            "filter_items_list": "Filter org answers list",
            "filter_by_date": "Filter org answers by date",
            "items_list_navigation": "Org Answers list navigation",
            "items_list": "Org Answers list",
            "item_published": "Org Answer published.",
            "item_published_privately": "Org Answer published privately.",
            "item_reverted_to_draft": "Org Answer reverted to draft.",
            "item_scheduled": "Org Answer scheduled.",
            "item_updated": "Org Answer updated.",
            "item_link": "Org Answer Link",
            "item_link_description": "A link to a org answer."
        },
        "description": "",
        "public": true,
        "hierarchical": false,
        "exclude_from_search": false,
        "publicly_queryable": true,
        "show_ui": true,
        "show_in_menu": true,
        "admin_menu_parent": "",
        "show_in_admin_bar": true,
        "show_in_nav_menus": true,
        "show_in_rest": true,
        "rest_base": "",
        "rest_namespace": "wp\/v2",
        "rest_controller_class": "WP_REST_Posts_Controller",
        "menu_position": 0,
        "menu_icon": "dashicons-editor-paste-text",
        "rename_capabilities": false,
        "singular_capability_name": "post",
        "plural_capability_name": "posts",
        "supports": [
            "title",
            "custom-fields"
        ],
        "taxonomies": "",
        "has_archive": false,
        "has_archive_slug": "",
        "rewrite": {
            "permalink_rewrite": "post_type_key",
            "with_front": "1",
            "feeds": "0",
            "pages": "1"
        },
        "query_var": "post_type_key",
        "query_var_name": "",
        "can_export": true,
        "delete_with_user": false,
        "register_meta_box_cb": "",
        "enter_title_here": ""
    },
    {
        "key": "post_type_6546f1d5bbcfb",
        "title": "Org Roles",
        "menu_order": 0,
        "active": true,
        "post_type": "org-role",
        "advanced_configuration": true,
        "import_source": "",
        "import_date": "",
        "labels": {
            "name": "Org Roles",
            "singular_name": "Org Role",
            "menu_name": "Org Roles",
            "all_items": "All Org Roles",
            "edit_item": "Edit Org Role",
            "view_item": "View Org Role",
            "view_items": "View Org Roles",
            "add_new_item": "Add New Org Role",
            "add_new": "",
            "new_item": "New Org Role",
            "parent_item_colon": "Parent Org Role:",
            "search_items": "Search Org Roles",
            "not_found": "No org roles found",
            "not_found_in_trash": "No org roles found in Trash",
            "archives": "Org Role Archives",
            "attributes": "Org Role Attributes",
            "featured_image": "",
            "set_featured_image": "",
            "remove_featured_image": "",
            "use_featured_image": "",
            "insert_into_item": "Insert into org role",
            "uploaded_to_this_item": "Uploaded to this org role",
            "filter_items_list": "Filter org roles list",
            "filter_by_date": "Filter org roles by date",
            "items_list_navigation": "Org Roles list navigation",
            "items_list": "Org Roles list",
            "item_published": "Org Role published.",
            "item_published_privately": "Org Role published privately.",
            "item_reverted_to_draft": "Org Role reverted to draft.",
            "item_scheduled": "Org Role scheduled.",
            "item_updated": "Org Role updated.",
            "item_link": "Org Role Link",
            "item_link_description": "A link to a org role."
        },
        "description": "",
        "public": true,
        "hierarchical": false,
        "exclude_from_search": false,
        "publicly_queryable": true,
        "show_ui": true,
        "show_in_menu": true,
        "admin_menu_parent": "",
        "show_in_admin_bar": true,
        "show_in_nav_menus": true,
        "show_in_rest": true,
        "rest_base": "",
        "rest_namespace": "wp\/v2",
        "rest_controller_class": "WP_REST_Posts_Controller",
        "menu_position": "",
        "menu_icon": "dashicons-admin-site-alt3",
        "rename_capabilities": false,
        "singular_capability_name": "post",
        "plural_capability_name": "posts",
        "supports": [
            "title",
            "custom-fields"
        ],
        "taxonomies": "",
        "has_archive": false,
        "has_archive_slug": "",
        "rewrite": {
            "permalink_rewrite": "post_type_key",
            "with_front": "1",
            "feeds": "0",
            "pages": "1"
        },
        "query_var": "post_type_key",
        "query_var_name": "",
        "can_export": true,
        "delete_with_user": false,
        "register_meta_box_cb": "",
        "enter_title_here": ""
    },
    {
        "key": "post_type_654714c771d1e",
        "title": "Org Staff",
        "menu_order": 0,
        "active": true,
        "post_type": "org-staff",
        "advanced_configuration": true,
        "import_source": "",
        "import_date": "",
        "labels": {
            "name": "Org Staff",
            "singular_name": "Org Staff",
            "menu_name": "Org Staff",
            "all_items": "All Org Staff",
            "edit_item": "Edit Org Staff",
            "view_item": "View Org Staff",
            "view_items": "View Org Staff",
            "add_new_item": "Add New Org Staff",
            "add_new": "",
            "new_item": "New Org Staff",
            "parent_item_colon": "Parent Org Staff:",
            "search_items": "Search Org Staff",
            "not_found": "No org staff found",
            "not_found_in_trash": "No org staff found in Trash",
            "archives": "Org Staff Archives",
            "attributes": "Org Staff Attributes",
            "featured_image": "",
            "set_featured_image": "",
            "remove_featured_image": "",
            "use_featured_image": "",
            "insert_into_item": "Insert into org staff",
            "uploaded_to_this_item": "Uploaded to this org staff",
            "filter_items_list": "Filter org staff list",
            "filter_by_date": "Filter org staff by date",
            "items_list_navigation": "Org Staff list navigation",
            "items_list": "Org Staff list",
            "item_published": "Org Staff published.",
            "item_published_privately": "Org Staff published privately.",
            "item_reverted_to_draft": "Org Staff reverted to draft.",
            "item_scheduled": "Org Staff scheduled.",
            "item_updated": "Org Staff updated.",
            "item_link": "Org Staff Link",
            "item_link_description": "A link to a org staff."
        },
        "description": "",
        "public": true,
        "hierarchical": false,
        "exclude_from_search": false,
        "publicly_queryable": true,
        "show_ui": true,
        "show_in_menu": true,
        "admin_menu_parent": "",
        "show_in_admin_bar": true,
        "show_in_nav_menus": true,
        "show_in_rest": true,
        "rest_base": "",
        "rest_namespace": "wp\/v2",
        "rest_controller_class": "WP_REST_Posts_Controller",
        "menu_position": 0,
        "menu_icon": "dashicons-buddicons-buddypress-logo",
        "rename_capabilities": false,
        "singular_capability_name": "post",
        "plural_capability_name": "posts",
        "supports": [
            "title",
            "custom-fields"
        ],
        "taxonomies": "",
        "has_archive": false,
        "has_archive_slug": "",
        "rewrite": {
            "permalink_rewrite": "post_type_key",
            "with_front": "1",
            "feeds": "0",
            "pages": "1"
        },
        "query_var": "post_type_key",
        "query_var_name": "",
        "can_export": true,
        "delete_with_user": false,
        "register_meta_box_cb": "",
        "enter_title_here": ""
    },
    {
        "key": "post_type_65472097dea30",
        "title": "Org Trainings",
        "menu_order": 0,
        "active": true,
        "post_type": "org-training",
        "advanced_configuration": true,
        "import_source": "",
        "import_date": "",
        "labels": {
            "name": "Org Trainings",
            "singular_name": "Org Training",
            "menu_name": "Org Trainings",
            "all_items": "All Org Trainings",
            "edit_item": "Edit Org Training",
            "view_item": "View Org Training",
            "view_items": "View Org Trainings",
            "add_new_item": "Add New Org Training",
            "add_new": "",
            "new_item": "New Org Training",
            "parent_item_colon": "Parent Org Training:",
            "search_items": "Search Org Trainings",
            "not_found": "No org trainings found",
            "not_found_in_trash": "No org trainings found in Trash",
            "archives": "Org Training Archives",
            "attributes": "Org Training Attributes",
            "featured_image": "",
            "set_featured_image": "",
            "remove_featured_image": "",
            "use_featured_image": "",
            "insert_into_item": "Insert into org training",
            "uploaded_to_this_item": "Uploaded to this org training",
            "filter_items_list": "Filter org trainings list",
            "filter_by_date": "Filter org trainings by date",
            "items_list_navigation": "Org Trainings list navigation",
            "items_list": "Org Trainings list",
            "item_published": "Org Training published.",
            "item_published_privately": "Org Training published privately.",
            "item_reverted_to_draft": "Org Training reverted to draft.",
            "item_scheduled": "Org Training scheduled.",
            "item_updated": "Org Training updated.",
            "item_link": "Org Training Link",
            "item_link_description": "A link to a org training."
        },
        "description": "",
        "public": true,
        "hierarchical": false,
        "exclude_from_search": false,
        "publicly_queryable": true,
        "show_ui": true,
        "show_in_menu": true,
        "admin_menu_parent": "",
        "show_in_admin_bar": true,
        "show_in_nav_menus": true,
        "show_in_rest": true,
        "rest_base": "",
        "rest_namespace": "wp\/v2",
        "rest_controller_class": "WP_REST_Posts_Controller",
        "menu_position": 0,
        "menu_icon": "dashicons-welcome-view-site",
        "rename_capabilities": false,
        "singular_capability_name": "post",
        "plural_capability_name": "posts",
        "supports": [
            "title",
            "custom-fields"
        ],
        "taxonomies": "",
        "has_archive": false,
        "has_archive_slug": "",
        "rewrite": {
            "permalink_rewrite": "post_type_key",
            "with_front": "1",
            "feeds": "0",
            "pages": "1"
        },
        "query_var": "post_type_key",
        "query_var_name": "",
        "can_export": true,
        "delete_with_user": false,
        "register_meta_box_cb": "",
        "enter_title_here": ""
    },
    {
        "key": "post_type_6546e1b098e71",
        "title": "Organizations",
        "menu_order": 0,
        "active": true,
        "post_type": "organization",
        "advanced_configuration": true,
        "import_source": "",
        "import_date": "",
        "labels": {
            "name": "Organizations",
            "singular_name": "Organization",
            "menu_name": "Organizations",
            "all_items": "All Organizations",
            "edit_item": "Edit Organization",
            "view_item": "View Organization",
            "view_items": "View Organizations",
            "add_new_item": "Add New Organization",
            "add_new": "",
            "new_item": "New Organization",
            "parent_item_colon": "Parent Organization:",
            "search_items": "Search Organizations",
            "not_found": "No organizations found",
            "not_found_in_trash": "No organizations found in Trash",
            "archives": "Organization Archives",
            "attributes": "Organization Attributes",
            "featured_image": "",
            "set_featured_image": "",
            "remove_featured_image": "",
            "use_featured_image": "",
            "insert_into_item": "Insert into organization",
            "uploaded_to_this_item": "Uploaded to this organization",
            "filter_items_list": "Filter organizations list",
            "filter_by_date": "Filter organizations by date",
            "items_list_navigation": "Organizations list navigation",
            "items_list": "Organizations list",
            "item_published": "Organization published.",
            "item_published_privately": "Organization published privately.",
            "item_reverted_to_draft": "Organization reverted to draft.",
            "item_scheduled": "Organization scheduled.",
            "item_updated": "Organization updated.",
            "item_link": "Organization Link",
            "item_link_description": "A link to a organization."
        },
        "description": "",
        "public": true,
        "hierarchical": false,
        "exclude_from_search": false,
        "publicly_queryable": true,
        "show_ui": true,
        "show_in_menu": true,
        "admin_menu_parent": "",
        "show_in_admin_bar": true,
        "show_in_nav_menus": true,
        "show_in_rest": true,
        "rest_base": "",
        "rest_namespace": "wp\/v2",
        "rest_controller_class": "WP_REST_Posts_Controller",
        "menu_position": 0,
        "menu_icon": "dashicons-admin-home",
        "rename_capabilities": false,
        "singular_capability_name": "post",
        "plural_capability_name": "posts",
        "supports": [
            "title",
            "custom-fields"
        ],
        "taxonomies": "",
        "has_archive": false,
        "has_archive_slug": "",
        "rewrite": {
            "permalink_rewrite": "post_type_key",
            "with_front": "1",
            "feeds": "0",
            "pages": "1"
        },
        "query_var": "post_type_key",
        "query_var_name": "",
        "can_export": true,
        "delete_with_user": false,
        "register_meta_box_cb": "",
        "enter_title_here": ""
    },
    {
        "key": "post_type_6546d3c5d3cdc",
        "title": "PDF Data Maps",
        "menu_order": 0,
        "active": true,
        "post_type": "pdf-data-map",
        "advanced_configuration": true,
        "import_source": "",
        "import_date": "",
        "labels": {
            "name": "PDF Data Maps",
            "singular_name": "PDF Data Map",
            "menu_name": "PDF Data Maps",
            "all_items": "All PDF Data Maps",
            "edit_item": "Edit PDF Data Map",
            "view_item": "View PDF Data Map",
            "view_items": "View PDF Data Maps",
            "add_new_item": "Add New PDF Data Map",
            "add_new": "",
            "new_item": "New PDF Data Map",
            "parent_item_colon": "Parent PDF Data Map:",
            "search_items": "Search PDF Data Maps",
            "not_found": "No pdf data maps found",
            "not_found_in_trash": "No pdf data maps found in Trash",
            "archives": "PDF Data Map Archives",
            "attributes": "PDF Data Map Attributes",
            "featured_image": "",
            "set_featured_image": "",
            "remove_featured_image": "",
            "use_featured_image": "",
            "insert_into_item": "Insert into pdf data map",
            "uploaded_to_this_item": "Uploaded to this pdf data map",
            "filter_items_list": "Filter pdf data maps list",
            "filter_by_date": "Filter pdf data maps by date",
            "items_list_navigation": "PDF Data Maps list navigation",
            "items_list": "PDF Data Maps list",
            "item_published": "PDF Data Map published.",
            "item_published_privately": "PDF Data Map published privately.",
            "item_reverted_to_draft": "PDF Data Map reverted to draft.",
            "item_scheduled": "PDF Data Map scheduled.",
            "item_updated": "PDF Data Map updated.",
            "item_link": "PDF Data Map Link",
            "item_link_description": "A link to a pdf data map."
        },
        "description": "",
        "public": true,
        "hierarchical": false,
        "exclude_from_search": false,
        "publicly_queryable": true,
        "show_ui": true,
        "show_in_menu": true,
        "admin_menu_parent": "",
        "show_in_admin_bar": true,
        "show_in_nav_menus": true,
        "show_in_rest": true,
        "rest_base": "",
        "rest_namespace": "wp\/v2",
        "rest_controller_class": "WP_REST_Posts_Controller",
        "menu_position": "",
        "menu_icon": "dashicons-forms",
        "rename_capabilities": false,
        "singular_capability_name": "post",
        "plural_capability_name": "posts",
        "supports": [
            "title",
            "custom-fields"
        ],
        "taxonomies": "",
        "has_archive": false,
        "has_archive_slug": "",
        "rewrite": {
            "permalink_rewrite": "post_type_key",
            "with_front": "1",
            "feeds": "0",
            "pages": "1"
        },
        "query_var": "post_type_key",
        "query_var_name": "",
        "can_export": true,
        "delete_with_user": false,
        "register_meta_box_cb": "",
        "enter_title_here": ""
    },
    {
        "key": "post_type_6546d4b843260",
        "title": "PDF Fields",
        "menu_order": 0,
        "active": true,
        "post_type": "pdf-field",
        "advanced_configuration": true,
        "import_source": "",
        "import_date": "",
        "labels": {
            "name": "PDF Fields",
            "singular_name": "PDF Field",
            "menu_name": "PDF Fields",
            "all_items": "All PDF Fields",
            "edit_item": "Edit PDF Field",
            "view_item": "View PDF Field",
            "view_items": "View PDF Fields",
            "add_new_item": "Add New PDF Field",
            "add_new": "",
            "new_item": "New PDF Field",
            "parent_item_colon": "Parent PDF Field:",
            "search_items": "Search PDF Fields",
            "not_found": "No pdf fields found",
            "not_found_in_trash": "No pdf fields found in Trash",
            "archives": "PDF Field Archives",
            "attributes": "PDF Field Attributes",
            "featured_image": "",
            "set_featured_image": "",
            "remove_featured_image": "",
            "use_featured_image": "",
            "insert_into_item": "Insert into pdf field",
            "uploaded_to_this_item": "Uploaded to this pdf field",
            "filter_items_list": "Filter pdf fields list",
            "filter_by_date": "Filter pdf fields by date",
            "items_list_navigation": "PDF Fields list navigation",
            "items_list": "PDF Fields list",
            "item_published": "PDF Field published.",
            "item_published_privately": "PDF Field published privately.",
            "item_reverted_to_draft": "PDF Field reverted to draft.",
            "item_scheduled": "PDF Field scheduled.",
            "item_updated": "PDF Field updated.",
            "item_link": "PDF Field Link",
            "item_link_description": "A link to a pdf field."
        },
        "description": "",
        "public": true,
        "hierarchical": false,
        "exclude_from_search": false,
        "publicly_queryable": true,
        "show_ui": true,
        "show_in_menu": true,
        "admin_menu_parent": "",
        "show_in_admin_bar": true,
        "show_in_nav_menus": true,
        "show_in_rest": true,
        "rest_base": "",
        "rest_namespace": "wp\/v2",
        "rest_controller_class": "WP_REST_Posts_Controller",
        "menu_position": 0,
        "menu_icon": "dashicons-media-spreadsheet",
        "rename_capabilities": false,
        "singular_capability_name": "post",
        "plural_capability_name": "posts",
        "supports": [
            "title",
            "custom-fields"
        ],
        "taxonomies": "",
        "has_archive": false,
        "has_archive_slug": "",
        "rewrite": {
            "permalink_rewrite": "post_type_key",
            "with_front": "1",
            "feeds": "0",
            "pages": "1"
        },
        "query_var": "post_type_key",
        "query_var_name": "",
        "can_export": true,
        "delete_with_user": false,
        "register_meta_box_cb": "",
        "enter_title_here": ""
    },
    {
        "key": "post_type_6546d479897f4",
        "title": "PDF Files",
        "menu_order": 0,
        "active": true,
        "post_type": "pdf-file",
        "advanced_configuration": true,
        "import_source": "",
        "import_date": "",
        "labels": {
            "name": "PDF Files",
            "singular_name": "PDF File",
            "menu_name": "PDF Files",
            "all_items": "All PDF Files",
            "edit_item": "Edit PDF File",
            "view_item": "View PDF File",
            "view_items": "View PDF Files",
            "add_new_item": "Add New PDF File",
            "add_new": "",
            "new_item": "New PDF File",
            "parent_item_colon": "Parent PDF File:",
            "search_items": "Search PDF Files",
            "not_found": "No pdf files found",
            "not_found_in_trash": "No pdf files found in Trash",
            "archives": "PDF File Archives",
            "attributes": "PDF File Attributes",
            "featured_image": "",
            "set_featured_image": "",
            "remove_featured_image": "",
            "use_featured_image": "",
            "insert_into_item": "Insert into pdf file",
            "uploaded_to_this_item": "Uploaded to this pdf file",
            "filter_items_list": "Filter pdf files list",
            "filter_by_date": "Filter pdf files by date",
            "items_list_navigation": "PDF Files list navigation",
            "items_list": "PDF Files list",
            "item_published": "PDF File published.",
            "item_published_privately": "PDF File published privately.",
            "item_reverted_to_draft": "PDF File reverted to draft.",
            "item_scheduled": "PDF File scheduled.",
            "item_updated": "PDF File updated.",
            "item_link": "PDF File Link",
            "item_link_description": "A link to a pdf file."
        },
        "description": "",
        "public": true,
        "hierarchical": false,
        "exclude_from_search": false,
        "publicly_queryable": true,
        "show_ui": true,
        "show_in_menu": true,
        "admin_menu_parent": "",
        "show_in_admin_bar": true,
        "show_in_nav_menus": true,
        "show_in_rest": true,
        "rest_base": "",
        "rest_namespace": "wp\/v2",
        "rest_controller_class": "WP_REST_Posts_Controller",
        "menu_position": 0,
        "menu_icon": "dashicons-pdf",
        "rename_capabilities": false,
        "singular_capability_name": "post",
        "plural_capability_name": "posts",
        "supports": [
            "title",
            "custom-fields"
        ],
        "taxonomies": "",
        "has_archive": false,
        "has_archive_slug": "",
        "rewrite": {
            "permalink_rewrite": "post_type_key",
            "with_front": "1",
            "feeds": "0",
            "pages": "1"
        },
        "query_var": "post_type_key",
        "query_var_name": "",
        "can_export": true,
        "delete_with_user": false,
        "register_meta_box_cb": "",
        "enter_title_here": ""
    },
    {
        "key": "post_type_6546e336ab5fb",
        "title": "Questions",
        "menu_order": 0,
        "active": true,
        "post_type": "question",
        "advanced_configuration": true,
        "import_source": "",
        "import_date": "",
        "labels": {
            "name": "Questions",
            "singular_name": "Question",
            "menu_name": "Questions",
            "all_items": "All Questions",
            "edit_item": "Edit Question",
            "view_item": "View Question",
            "view_items": "View Questions",
            "add_new_item": "Add New Question",
            "add_new": "",
            "new_item": "New Question",
            "parent_item_colon": "Parent Question:",
            "search_items": "Search Questions",
            "not_found": "No questions found",
            "not_found_in_trash": "No questions found in Trash",
            "archives": "Question Archives",
            "attributes": "Question Attributes",
            "featured_image": "",
            "set_featured_image": "",
            "remove_featured_image": "",
            "use_featured_image": "",
            "insert_into_item": "Insert into question",
            "uploaded_to_this_item": "Uploaded to this question",
            "filter_items_list": "Filter questions list",
            "filter_by_date": "Filter questions by date",
            "items_list_navigation": "Questions list navigation",
            "items_list": "Questions list",
            "item_published": "Question published.",
            "item_published_privately": "Question published privately.",
            "item_reverted_to_draft": "Question reverted to draft.",
            "item_scheduled": "Question scheduled.",
            "item_updated": "Question updated.",
            "item_link": "Question Link",
            "item_link_description": "A link to a question."
        },
        "description": "",
        "public": true,
        "hierarchical": false,
        "exclude_from_search": false,
        "publicly_queryable": true,
        "show_ui": true,
        "show_in_menu": true,
        "admin_menu_parent": "",
        "show_in_admin_bar": true,
        "show_in_nav_menus": true,
        "show_in_rest": true,
        "rest_base": "",
        "rest_namespace": "wp\/v2",
        "rest_controller_class": "WP_REST_Posts_Controller",
        "menu_position": 0,
        "menu_icon": "dashicons-feedback",
        "rename_capabilities": false,
        "singular_capability_name": "post",
        "plural_capability_name": "posts",
        "supports": [
            "title",
            "custom-fields"
        ],
        "taxonomies": "",
        "has_archive": false,
        "has_archive_slug": "",
        "rewrite": {
            "permalink_rewrite": "post_type_key",
            "with_front": "1",
            "feeds": "0",
            "pages": "1"
        },
        "query_var": "post_type_key",
        "query_var_name": "",
        "can_export": true,
        "delete_with_user": false,
        "register_meta_box_cb": "",
        "enter_title_here": ""
    },
    {
        "key": "post_type_6546e6f127730",
        "title": "Roles",
        "menu_order": 0,
        "active": true,
        "post_type": "role",
        "advanced_configuration": true,
        "import_source": "",
        "import_date": "",
        "labels": {
            "name": "Roles",
            "singular_name": "Role",
            "menu_name": "Roles",
            "all_items": "All Roles",
            "edit_item": "Edit Role",
            "view_item": "View Role",
            "view_items": "View Roles",
            "add_new_item": "Add New Role",
            "add_new": "",
            "new_item": "New Role",
            "parent_item_colon": "Parent Role:",
            "search_items": "Search Roles",
            "not_found": "No roles found",
            "not_found_in_trash": "No roles found in Trash",
            "archives": "Role Archives",
            "attributes": "Role Attributes",
            "featured_image": "",
            "set_featured_image": "",
            "remove_featured_image": "",
            "use_featured_image": "",
            "insert_into_item": "Insert into role",
            "uploaded_to_this_item": "Uploaded to this role",
            "filter_items_list": "Filter roles list",
            "filter_by_date": "Filter roles by date",
            "items_list_navigation": "Roles list navigation",
            "items_list": "Roles list",
            "item_published": "Role published.",
            "item_published_privately": "Role published privately.",
            "item_reverted_to_draft": "Role reverted to draft.",
            "item_scheduled": "Role scheduled.",
            "item_updated": "Role updated.",
            "item_link": "Role Link",
            "item_link_description": "A link to a role."
        },
        "description": "",
        "public": true,
        "hierarchical": false,
        "exclude_from_search": false,
        "publicly_queryable": true,
        "show_ui": true,
        "show_in_menu": true,
        "admin_menu_parent": "",
        "show_in_admin_bar": true,
        "show_in_nav_menus": true,
        "show_in_rest": true,
        "rest_base": "",
        "rest_namespace": "wp\/v2",
        "rest_controller_class": "WP_REST_Posts_Controller",
        "menu_position": 0,
        "menu_icon": "dashicons-businessperson",
        "rename_capabilities": false,
        "singular_capability_name": "post",
        "plural_capability_name": "posts",
        "supports": [
            "title",
            "custom-fields"
        ],
        "taxonomies": "",
        "has_archive": false,
        "has_archive_slug": "",
        "rewrite": {
            "permalink_rewrite": "post_type_key",
            "with_front": "1",
            "feeds": "0",
            "pages": "1"
        },
        "query_var": "post_type_key",
        "query_var_name": "",
        "can_export": true,
        "delete_with_user": false,
        "register_meta_box_cb": "",
        "enter_title_here": ""
    }
]
